{
  "$schema": "http://bigcontent.io/cms/schema/v1/schema#",
  "id": "https://raw.githubusercontent.com/neilmistryamplience/dc-example-website/master/slots-types/flexible-slot.json",
  "title": "Flexible Slot",
  "description": "Slot that allows a number of any content type",
  "allOf": [
    {
      "$ref": "http://bigcontent.io/cms/schema/v1/core#/definitions/content"
    }
  ],
  "type": "object",
  "properties": {
    "contentTypes": {
      "type": "array",
      "title": "Content Type",
      "description": "Select and order content to display in the page",
      "items": {
        "allOf": [
          {
            "$ref": "http://bigcontent.io/cms/schema/v1/core#/definitions/content-link"
          },
          {
            "properties": {
              "contentType": {
                "title": "",
                "enum": [
                  "https://raw.githubusercontent.com/neilmistryamplience/dc-example-website/master/content-types/slider.json",
                  "https://raw.githubusercontent.com/neilmistryamplience/dc-example-website/master/content-types/video.json",
                  "https://raw.githubusercontent.com/neilmistryamplience/dc-example-website/master/content-types/text.json",
                  "https://raw.githubusercontent.com/neilmistryamplience/dc-example-website/master/content-types/externalBlock.json",
                  "https://raw.githubusercontent.com/neilmistryamplience/dc-example-website/master/content-types/splitBlock.json",
                  "https://raw.githubusercontent.com/neilmistryamplience/dc-example-website/master/content-types/image.json",
                  "https://raw.githubusercontent.com/neilmistryamplience/dc-example-website/master/content-types/cardList.json",
                  "https://raw.githubusercontent.com/neilmistryamplience/dc-example-website/master/content-types/banner.json"
                ]
              }
            }
          }
        ]
      }
    }
  }
}