{
  "$schema": "http://bigcontent.io/cms/schema/v1/schema#",
  "id": "https://raw.githubusercontent.com/challerbach/dc-example-website/anyafinn/slot-types/banner-slot.json",
  "title": "Banner Slot",
  "description": "A Slot that can accept a single banner",
  "allOf": [
    {
      "$ref": "http://bigcontent.io/cms/schema/v1/core#/definitions/content"
    }
  ],
  "type": "object",
  "properties": {
    "content": {
      "title": "Content",
      "allOf": [
        {
          "$ref": "http://bigcontent.io/cms/schema/v1/core#/definitions/content-link"
        },
        {
          "properties": {
            "contentType": {
              "title": "contentType",
              "enum": [
                "https://raw.githubusercontent.com/challerbach/dc-example-website/anyafinn/content-types/banner.json"
              ]
            }
          }
        }
      ]
    }
  }
}
