{
  "$schema": "http://bigcontent.io/cms/schema/v1/schema#",
  "id": "https://raw.githubusercontent.com/neilmistryamplience/dc-example-website/willow/slot-types/container-slot.json",
  "title": "Container Slot",
  "description": "A Slot that can accept a container (full page)",
  "allOf": [
    {
      "$ref": "http://bigcontent.io/cms/schema/v1/core#/definitions/content"
    }
  ],
  "type": "object",
  "properties": {
    "content": {
      "title": "Content",
      "allOf": [
        {
          "$ref": "http://bigcontent.io/cms/schema/v1/core#/definitions/content-link"
        },
        {
          "properties": {
            "contentType": {
              "title": "contentType",
              "enum": [
                "https://raw.githubusercontent.com/neilmistryamplience/dc-example-website/willow/content-types/container.json"
              ]
            }
          }
        }
      ]
    }
  }
}
